-- phpMyAdmin SQL Dump
-- version 5.2.1
-- https://www.phpmyadmin.net/
--
-- Host: 127.0.0.1
-- Generation Time: Oct 29, 2025 at 08:04 AM
-- Server version: 10.4.32-MariaDB
-- PHP Version: 8.2.12

SET SQL_MODE = "NO_AUTO_VALUE_ON_ZERO";
START TRANSACTION;
SET time_zone = "+00:00";


/*!40101 SET @OLD_CHARACTER_SET_CLIENT=@@CHARACTER_SET_CLIENT */;
/*!40101 SET @OLD_CHARACTER_SET_RESULTS=@@CHARACTER_SET_RESULTS */;
/*!40101 SET @OLD_COLLATION_CONNECTION=@@COLLATION_CONNECTION */;
/*!40101 SET NAMES utf8mb4 */;

--
-- Database: `datapj`
--

-- --------------------------------------------------------

--
-- Table structure for table `orders`
--

CREATE TABLE `orders` (
  `order_id` int(11) NOT NULL COMMENT 'รหัสคำสั่งซื้อ',
  `order_number` varchar(20) NOT NULL COMMENT 'เช่น ORD-000001',
  `user_id` int(11) NOT NULL COMMENT 'อ้างอิง users.id',
  `total_amount` decimal(10,2) NOT NULL DEFAULT 0.00 COMMENT 'ยอดรวม',
  `status` enum('ยืนยันการสั่งซื้อและรอชำระเงิน','ชำระเงินสำเร็จรอการตรวจสอบ','ชำระเงินสมบูรณ์รอจัดส่ง','เตรียมส่งสินค้าให้คุณแล้ว','ยกเลิกคำสั่งจากระบบ','คำสั่งซื้อถูกยกเลิกเนื่องจากหมดเวลาชำระเงิน') DEFAULT 'ยืนยันการสั่งซื้อและรอชำระเงิน' COMMENT 'สถานะคำสั่งซื้อ',
  `created_at` datetime NOT NULL DEFAULT current_timestamp() COMMENT 'วันที่สร้าง',
  `expire_at` datetime DEFAULT NULL,
  `updated_at` datetime NOT NULL DEFAULT current_timestamp() ON UPDATE current_timestamp() COMMENT 'อัปเดตล่าสุด'
) ENGINE=InnoDB DEFAULT CHARSET=utf8mb4 COLLATE=utf8mb4_general_ci;

--
-- Dumping data for table `orders`
--

INSERT INTO `orders` (`order_id`, `order_number`, `user_id`, `total_amount`, `status`, `created_at`, `expire_at`, `updated_at`) VALUES
(5, 'ORD-1759934511503', 15, 1800.00, 'เตรียมส่งสินค้าให้คุณแล้ว', '2025-11-16 21:41:51', NULL, '2025-10-20 15:49:51'),
(7, 'ORD-1759934583038', 15, 1800.00, 'ชำระเงินสำเร็จรอการตรวจสอบ', '2025-10-08 21:43:03', NULL, '2025-10-14 19:05:50'),
(8, 'ORD-1759934683641', 11, 3272.00, 'ชำระเงินสมบูรณ์รอจัดส่ง', '2023-11-08 21:44:43', NULL, '2025-10-15 01:14:29'),
(10, 'ORD-1759941476211', 15, 6544.00, 'ชำระเงินสมบูรณ์รอจัดส่ง', '2023-10-08 23:37:56', NULL, '2025-10-15 01:14:36'),
(11, 'ORD-1759941944214', 15, 3272.00, 'ยกเลิกคำสั่งจากระบบ', '2025-10-08 23:45:44', NULL, '2025-10-14 18:19:25'),
(12, 'ORD-1760024476761', 15, 3000.00, 'ยกเลิกคำสั่งจากระบบ', '2025-10-09 22:41:16', NULL, '2025-10-14 18:19:30'),
(13, 'ORD-1760361514456', 15, 3000.00, 'ชำระเงินสมบูรณ์รอจัดส่ง', '2025-10-13 20:18:34', NULL, '2025-10-14 18:41:34'),
(14, 'ORD-1760379498385', 15, 2500.00, 'ชำระเงินสำเร็จรอการตรวจสอบ', '2025-10-14 01:18:18', NULL, '2025-10-14 17:59:29'),
(15, 'ORD-1760382649957', 15, 3272.00, 'ชำระเงินสมบูรณ์รอจัดส่ง', '2025-10-14 02:10:50', NULL, '2025-10-14 17:59:18'),
(16, 'ORD-1760437713921', 21, 7500.00, 'ชำระเงินสำเร็จรอการตรวจสอบ', '2025-10-14 17:28:33', NULL, '2025-10-14 19:05:45'),
(17, 'ORD-1760437731673', 15, 7500.00, 'ชำระเงินสำเร็จรอการตรวจสอบ', '2025-10-14 17:28:51', NULL, '2025-10-14 19:05:40'),
(18, 'ORD-1760443233500', 15, 640.00, 'ชำระเงินสำเร็จรอการตรวจสอบ', '2025-10-14 19:00:33', NULL, '2025-10-14 19:05:35'),
(19, 'ORD-1760443581986', 15, 1800.00, 'ชำระเงินสำเร็จรอการตรวจสอบ', '2025-10-14 19:06:22', NULL, '2025-10-14 19:06:41'),
(20, 'ORD-1760443731705', 15, 1500.00, 'ชำระเงินสำเร็จรอการตรวจสอบ', '2025-10-14 19:08:51', NULL, '2025-10-14 19:11:23'),
(21, 'ORD-1760443905813', 15, 640.00, 'ชำระเงินสำเร็จรอการตรวจสอบ', '2025-10-14 19:11:45', NULL, '2025-10-14 19:15:22'),
(22, 'ORD-1760444071329', 15, 1500.00, 'ชำระเงินสำเร็จรอการตรวจสอบ', '2025-10-14 19:14:31', NULL, '2025-10-14 19:15:27'),
(23, 'ORD-1760444257214', 15, 2200.00, 'ชำระเงินสมบูรณ์รอจัดส่ง', '2025-10-14 19:17:37', NULL, '2025-10-15 09:55:37'),
(24, 'ORD-1760444701331', 15, 1500.00, 'ยกเลิกคำสั่งจากระบบ', '2025-10-14 19:25:01', NULL, '2025-10-15 09:50:15'),
(27, 'ORD-1760495291334', 24, 3200.00, 'ชำระเงินสมบูรณ์รอจัดส่ง', '2025-10-15 09:28:11', NULL, '2025-10-15 09:49:26'),
(41, 'ORD-1761129357246', 15, 10000.00, 'ชำระเงินสำเร็จรอการตรวจสอบ', '2025-10-22 17:35:57', NULL, '2025-10-22 17:35:57'),
(43, 'ORD-1761129555437', 15, 10000.00, 'ชำระเงินสำเร็จรอการตรวจสอบ', '2025-10-22 17:39:15', NULL, '2025-10-22 17:39:15'),
(45, 'ORD-1761129709349', 15, 2500.00, 'ชำระเงินสำเร็จรอการตรวจสอบ', '2025-10-22 17:41:49', NULL, '2025-10-22 17:41:49'),
(46, 'ORD-1761129824010', 15, 1800.00, 'ชำระเงินสำเร็จรอการตรวจสอบ', '2025-10-22 17:43:44', '2025-10-22 17:48:43', '2025-10-27 01:38:26'),
(48, 'ORD-1761129950571', 15, 1800.00, 'ชำระเงินสำเร็จรอการตรวจสอบ', '2025-10-22 17:45:50', '2025-10-22 17:50:49', '2025-10-27 01:38:21'),
(50, 'ORD-1761130130204', 15, 1800.00, 'ชำระเงินสำเร็จรอการตรวจสอบ', '2025-10-22 17:48:50', NULL, '2025-10-22 17:48:50'),
(51, 'ORD-1761130145284', 15, 1800.00, 'ชำระเงินสำเร็จรอการตรวจสอบ', '2025-10-22 17:49:05', '2025-10-22 17:54:04', '2025-10-27 01:38:33'),
(52, 'ORD-1761130169324', 15, 1800.00, 'ชำระเงินสำเร็จรอการตรวจสอบ', '2025-10-22 17:49:29', '2025-10-22 17:54:28', '2025-10-27 01:38:42'),
(53, 'ORD-1761130312526', 15, 1800.00, 'ชำระเงินสำเร็จรอการตรวจสอบ', '2025-10-22 17:51:52', '2025-10-22 17:56:51', '2025-10-27 01:38:51'),
(54, 'ORD-1761130493702', 15, 1800.00, 'ชำระเงินสำเร็จรอการตรวจสอบ', '2025-10-22 17:54:53', '2025-10-22 17:59:52', '2025-10-27 01:40:59'),
(55, 'ORD-2025102217562159', 15, 1800.00, 'ชำระเงินสำเร็จรอการตรวจสอบ', '2025-10-22 17:56:21', '2025-10-22 18:01:21', '2025-10-27 01:41:02'),
(56, 'ORD-1761130581111', 15, 1800.00, 'ชำระเงินสำเร็จรอการตรวจสอบ', '2025-10-22 17:56:21', NULL, '2025-10-22 17:56:21'),
(57, 'ORD-2025102217562398', 15, 1800.00, 'ชำระเงินสำเร็จรอการตรวจสอบ', '2025-10-22 17:56:23', '2025-10-22 18:01:23', '2025-10-27 01:41:06'),
(58, 'ORD-1761130583136', 15, 1800.00, 'ชำระเงินสำเร็จรอการตรวจสอบ', '2025-10-22 17:56:23', NULL, '2025-10-22 17:56:23'),
(59, 'ORD-2025102218053867', 15, 1800.00, 'ชำระเงินสำเร็จรอการตรวจสอบ', '2025-10-22 18:05:38', '2025-10-22 18:10:38', '2025-10-27 01:41:11'),
(60, 'ORD-1761131138408', 15, 1800.00, 'ชำระเงินสำเร็จรอการตรวจสอบ', '2025-10-22 18:05:38', NULL, '2025-10-22 18:05:38'),
(61, 'ORD-2025102218055038', 15, 1800.00, 'ชำระเงินสำเร็จรอการตรวจสอบ', '2025-10-22 18:05:50', '2025-10-22 18:10:50', '2025-10-27 01:41:15'),
(62, 'ORD-1761131150078', 15, 1800.00, 'ชำระเงินสำเร็จรอการตรวจสอบ', '2025-10-22 18:05:50', NULL, '2025-10-22 18:05:50'),
(64, 'ORD-1761131239267', 15, 1800.00, 'ชำระเงินสำเร็จรอการตรวจสอบ', '2025-10-22 18:07:19', NULL, '2025-10-22 18:07:19'),
(65, 'ORD-2025102218072830', 15, 1800.00, 'ชำระเงินสำเร็จรอการตรวจสอบ', '2025-10-22 18:07:28', '2025-10-22 18:12:28', '2025-10-27 01:41:18'),
(66, 'ORD-2025102218074078', 15, 1800.00, 'ชำระเงินสำเร็จรอการตรวจสอบ', '2025-10-22 18:07:40', '2025-10-22 18:12:40', '2025-10-27 01:41:22'),
(67, 'ORD-2025102218074629', 15, 1800.00, 'ชำระเงินสำเร็จรอการตรวจสอบ', '2025-10-22 18:07:46', '2025-10-22 18:12:46', '2025-10-27 01:41:29'),
(68, 'ORD-2025102218075163', 15, 1800.00, 'ชำระเงินสำเร็จรอการตรวจสอบ', '2025-10-22 18:07:51', '2025-10-22 18:12:51', '2025-10-27 01:42:46'),
(69, 'ORD-2025102218075562', 15, 1800.00, 'ชำระเงินสำเร็จรอการตรวจสอบ', '2025-10-22 18:07:55', '2025-10-22 18:12:55', '2025-10-27 01:42:42'),
(70, 'ORD-2025102218080234', 15, 1800.00, 'ชำระเงินสำเร็จรอการตรวจสอบ', '2025-10-22 18:08:02', '2025-10-22 18:13:02', '2025-10-27 01:42:39'),
(71, 'ORD-2025102218080582', 15, 1800.00, 'ชำระเงินสำเร็จรอการตรวจสอบ', '2025-10-22 18:08:05', '2025-10-22 18:13:05', '2025-10-27 01:42:34'),
(72, 'ORD-2025102218081738', 15, 1800.00, 'ชำระเงินสำเร็จรอการตรวจสอบ', '2025-10-22 18:08:17', '2025-10-22 18:13:17', '2025-10-27 01:42:31'),
(73, 'ORD-2025102218092477', 15, 1800.00, 'ชำระเงินสำเร็จรอการตรวจสอบ', '2025-10-22 18:09:24', '2025-10-22 18:14:24', '2025-10-27 01:42:28'),
(74, 'ORD-2025102218095480', 15, 1800.00, 'ชำระเงินสำเร็จรอการตรวจสอบ', '2025-10-22 18:09:54', '2025-10-22 18:14:53', '2025-10-27 01:42:25'),
(75, 'ORD-2025102218095688', 15, 1800.00, 'ชำระเงินสำเร็จรอการตรวจสอบ', '2025-10-22 18:09:56', '2025-10-22 18:14:55', '2025-10-27 01:42:21'),
(76, 'ORD-2025102218103070', 15, 150.00, 'ชำระเงินสำเร็จรอการตรวจสอบ', '2025-10-22 18:10:30', '2025-10-22 18:15:29', '2025-10-27 01:42:18'),
(77, 'ORD-2025102218114071', 15, 150.00, 'ชำระเงินสำเร็จรอการตรวจสอบ', '2025-10-22 18:11:40', '2025-10-22 18:16:39', '2025-10-27 01:42:15'),
(79, 'ORD-2025102218123415', 15, 150.00, 'ชำระเงินสำเร็จรอการตรวจสอบ', '2025-10-22 18:12:34', '2025-10-22 18:17:33', '2025-10-27 01:42:12'),
(80, 'ORD-1761131554841', 15, 150.00, 'ชำระเงินสำเร็จรอการตรวจสอบ', '2025-10-22 18:12:34', NULL, '2025-10-27 01:42:09'),
(81, 'ORD-2025102218133380', 15, 150.00, 'ชำระเงินสำเร็จรอการตรวจสอบ', '2025-10-22 18:13:33', '2025-10-22 18:18:32', '2025-10-27 01:42:00'),
(82, 'ORD-1761131613915', 15, 150.00, 'ชำระเงินสำเร็จรอการตรวจสอบ', '2025-10-22 18:13:33', NULL, '2025-10-27 01:42:05'),
(83, 'ORD-2025102218133646', 15, 150.00, 'ชำระเงินสำเร็จรอการตรวจสอบ', '2025-10-22 18:13:36', '2025-10-22 18:18:35', '2025-10-23 20:14:14'),
(84, 'ORD-1761131616242', 15, 150.00, 'ชำระเงินสำเร็จรอการตรวจสอบ', '2025-10-22 18:13:36', NULL, '2025-10-27 01:41:56'),
(85, 'ORD-2025102218152910', 15, 150.00, 'ชำระเงินสำเร็จรอการตรวจสอบ', '2025-10-22 18:15:29', '2025-10-22 18:20:28', '2025-10-27 01:41:53'),
(86, 'ORD-1761131729592', 15, 150.00, 'ชำระเงินสำเร็จรอการตรวจสอบ', '2025-10-22 18:15:29', NULL, '2025-10-27 01:41:33'),
(87, 'ORD-2025102218173176', 15, 150.00, 'ชำระเงินสำเร็จรอการตรวจสอบ', '2025-10-22 18:17:31', '2025-10-22 18:22:30', '2025-10-27 01:41:38'),
(88, 'ORD-1761131851236', 15, 150.00, 'ชำระเงินสำเร็จรอการตรวจสอบ', '2025-10-22 18:17:31', NULL, '2025-10-27 01:40:54'),
(89, 'ORD-2025102218175018', 15, 150.00, 'ชำระเงินสำเร็จรอการตรวจสอบ', '2025-10-22 18:17:50', '2025-10-22 18:22:49', '2025-10-27 01:40:49'),
(90, 'ORD-1761131870218', 15, 150.00, 'ชำระเงินสำเร็จรอการตรวจสอบ', '2025-10-22 18:17:50', NULL, '2025-10-27 01:40:45'),
(91, 'ORD-2025102218175529', 15, 150.00, 'ชำระเงินสำเร็จรอการตรวจสอบ', '2025-10-22 18:17:55', '2025-10-22 18:22:55', '2025-10-27 01:40:42'),
(92, 'ORD-1761131875845', 15, 150.00, 'ชำระเงินสำเร็จรอการตรวจสอบ', '2025-10-22 18:17:55', NULL, '2025-10-27 01:40:38'),
(94, 'ORD-1761131898001', 15, 150.00, 'ชำระเงินสำเร็จรอการตรวจสอบ', '2025-10-22 18:18:18', NULL, '2025-10-27 01:40:35'),
(96, 'ORD-1761131980738', 15, 150.00, 'ชำระเงินสำเร็จรอการตรวจสอบ', '2025-10-22 18:19:40', NULL, '2025-10-27 01:40:31'),
(98, 'ORD-1761132017017', 15, 1800.00, 'ชำระเงินสำเร็จรอการตรวจสอบ', '2025-10-22 18:20:17', NULL, '2025-10-27 01:40:27'),
(100, 'ORD-1761215746317', 15, 150.00, 'ชำระเงินสำเร็จรอการตรวจสอบ', '2025-10-23 17:35:46', NULL, '2025-10-27 01:40:23'),
(101, 'ORD-2025102317354987', 15, 150.00, 'ชำระเงินสำเร็จรอการตรวจสอบ', '2025-10-23 17:35:49', '2025-10-23 17:40:49', '2025-10-27 01:40:20'),
(102, 'ORD-1761215749631', 15, 150.00, 'ชำระเงินสำเร็จรอการตรวจสอบ', '2025-10-23 17:35:49', NULL, '2025-10-27 01:40:17'),
(103, 'ORD-2025102317364699', 15, 1800.00, 'ชำระเงินสำเร็จรอการตรวจสอบ', '2025-10-23 17:36:46', '2025-10-23 17:41:46', '2025-10-27 01:40:11'),
(104, 'ORD-1761215806429', 15, 1800.00, 'ชำระเงินสำเร็จรอการตรวจสอบ', '2025-10-23 17:36:46', NULL, '2025-10-27 01:40:14'),
(106, 'ORD-1761216127195', 15, 1800.00, 'ชำระเงินสำเร็จรอการตรวจสอบ', '2025-10-23 17:42:07', NULL, '2025-10-27 01:40:04'),
(108, 'ORD-1761216295984', 15, 3600.00, 'ชำระเงินสำเร็จรอการตรวจสอบ', '2025-10-23 17:44:56', NULL, '2025-10-27 01:40:08'),
(110, 'ORD-1761216327228', 15, 150.00, 'ชำระเงินสำเร็จรอการตรวจสอบ', '2025-10-23 17:45:27', NULL, '2025-10-27 01:40:00'),
(112, 'ORD-1761216329197', 15, 150.00, 'ชำระเงินสำเร็จรอการตรวจสอบ', '2025-10-23 17:45:29', NULL, '2025-10-27 01:39:56'),
(114, 'ORD-1761216405471', 15, 150.00, '', '2025-10-23 17:46:45', NULL, '2025-10-23 17:46:45'),
(116, 'ORD-1761216411306', 15, 300.00, 'ชำระเงินสำเร็จรอการตรวจสอบ', '2025-10-23 17:46:51', NULL, '2025-10-27 01:39:39'),
(122, 'ORD-1761216811006', 15, 150.00, 'ชำระเงินสำเร็จรอการตรวจสอบ', '2025-10-23 17:53:31', NULL, '2025-10-27 01:39:43'),
(124, 'ORD-1761216846340', 15, 300.00, 'ชำระเงินสำเร็จรอการตรวจสอบ', '2025-10-23 17:54:06', NULL, '2025-10-27 01:39:35'),
(126, 'ORD-1761216852666', 15, 150.00, 'ชำระเงินสำเร็จรอการตรวจสอบ', '2025-10-23 17:54:12', NULL, '2025-10-27 01:39:48'),
(128, 'ORD-1761216854364', 15, 150.00, 'ชำระเงินสำเร็จรอการตรวจสอบ', '2025-10-23 17:54:14', NULL, '2025-10-27 01:39:31'),
(129, 'ORD-2025102318055537', 15, 1800.00, 'ชำระเงินสำเร็จรอการตรวจสอบ', '2025-10-23 18:05:55', '2025-10-23 18:10:55', '2025-10-27 01:39:51'),
(130, 'ORD-1761217555063', 15, 1800.00, 'ชำระเงินสำเร็จรอการตรวจสอบ', '2025-10-23 18:05:55', NULL, '2025-10-23 18:05:55'),
(132, 'ORD-1761217556958', 15, 1800.00, 'ชำระเงินสำเร็จรอการตรวจสอบ', '2025-10-23 18:05:56', NULL, '2025-10-23 18:05:56'),
(134, 'ORD-1761217559488', 15, 1800.00, 'ชำระเงินสำเร็จรอการตรวจสอบ', '2025-10-23 18:05:59', NULL, '2025-10-23 18:05:59'),
(135, 'ORD-1761218508071', 15, 150.00, 'ชำระเงินสำเร็จรอการตรวจสอบ', '2025-10-23 18:21:48', NULL, '2025-10-23 18:21:48'),
(136, 'ORD-1761218545559', 15, 750.00, 'ชำระเงินสำเร็จรอการตรวจสอบ', '2025-10-23 18:22:25', NULL, '2025-10-23 18:22:25'),
(137, 'ORD-1761218756456', 15, 150.00, 'ชำระเงินสำเร็จรอการตรวจสอบ', '2025-10-23 18:25:56', NULL, '2025-10-23 18:25:56'),
(138, 'ORD-1761218996773', 15, 1800.00, 'ชำระเงินสำเร็จรอการตรวจสอบ', '2025-10-23 18:29:56', NULL, '2025-10-23 18:29:56'),
(139, 'ORD-1761219070943', 15, 1800.00, 'ชำระเงินสำเร็จรอการตรวจสอบ', '2025-10-23 18:31:10', NULL, '2025-10-23 18:31:10'),
(144, 'ORD-1761221015113950', 15, 150.00, 'ชำระเงินสำเร็จรอการตรวจสอบ', '2025-10-23 19:03:35', '2025-10-23 14:08:35', '2025-10-27 01:39:25'),
(148, 'ORD-1761221259193681', 15, 150.00, 'ยกเลิกคำสั่งจากระบบ', '2025-10-23 19:07:39', '2025-10-23 14:12:39', '2025-10-23 19:12:39'),
(163, 'ORD-1761223509196279', 15, 2200.00, 'เตรียมส่งสินค้าให้คุณแล้ว', '2025-10-23 19:45:09', '2025-10-23 14:50:09', '2025-10-23 19:47:43'),
(164, 'ORD-1761223761006459', 15, 2450.00, 'ยืนยันการสั่งซื้อและรอชำระเงิน', '2025-10-23 19:49:21', '2025-10-23 14:54:21', '2025-10-23 19:56:53'),
(166, 'ORD-1761224536100822', 15, 1750.00, 'ยืนยันการสั่งซื้อและรอชำระเงิน', '2025-10-23 20:02:16', '2025-10-23 15:07:16', '2025-10-23 20:02:16'),
(167, 'ORD-1761224610278662', 15, 1000.00, 'ยืนยันการสั่งซื้อและรอชำระเงิน', '2025-10-23 20:03:30', '2025-10-23 15:08:30', '2025-10-23 20:03:30'),
(173, 'ORD-1761225093802974', 15, 1000.00, 'ยืนยันการสั่งซื้อและรอชำระเงิน', '2025-10-23 20:11:33', '2025-10-23 15:16:33', '2025-10-23 20:11:33'),
(174, 'ORD-1761225463928583', 15, 1000.00, 'ชำระเงินสำเร็จรอการตรวจสอบ', '2025-10-23 20:17:43', '2025-10-23 15:22:43', '2025-10-27 01:39:02'),
(175, 'ORD-1761225617488224', 15, 1000.00, 'ยกเลิกคำสั่งจากระบบ', '2025-10-23 20:20:17', '2025-10-23 15:25:17', '2025-10-23 20:28:13'),
(176, 'ORD-1761501609225910', 15, 850.00, 'ชำระเงินสำเร็จรอการตรวจสอบ', '2025-10-27 01:00:09', '2025-10-26 19:05:09', '2025-10-27 01:00:09'),
(177, 'ORD-1761502006452636', 15, 850.00, 'ชำระเงินสำเร็จรอการตรวจสอบ', '2025-10-27 01:06:46', '2025-10-26 19:11:46', '2025-10-27 01:06:46'),
(178, 'ORD-1761502712230416', 25, 2450.00, 'ชำระเงินสำเร็จรอการตรวจสอบ', '2025-10-27 01:18:32', '2025-10-26 19:23:32', '2025-10-27 01:18:32'),
(179, 'ORD-1761502764174198', 25, 2450.00, 'ชำระเงินสำเร็จรอการตรวจสอบ', '2025-10-27 01:19:24', '2025-10-26 19:24:24', '2025-10-27 01:19:24'),
(180, 'ORD-1761503214864278', 25, 1500.00, 'ยกเลิกคำสั่งจากระบบ', '2025-10-27 01:26:54', '2025-10-26 19:31:54', '2025-10-27 01:31:54'),
(181, 'ORD-1761503678958601', 25, 3272.00, 'ชำระเงินสำเร็จรอการตรวจสอบ', '2025-10-27 01:34:38', '2025-10-26 19:39:38', '2025-10-27 01:34:38'),
(182, 'ORD-1761504233021715', 25, 1800.00, 'ชำระเงินสำเร็จรอการตรวจสอบ', '2025-10-27 01:43:53', '2025-10-26 19:48:53', '2025-10-27 01:43:53'),
(183, 'ORD-1761504245165301', 25, 450.00, 'ชำระเงินสำเร็จรอการตรวจสอบ', '2025-10-27 01:44:05', '2025-10-26 19:49:05', '2025-10-27 01:44:05'),
(184, 'ORD-1761504267862727', 25, 300.00, 'เตรียมส่งสินค้าให้คุณแล้ว', '2025-10-27 01:44:27', '2025-10-26 19:49:27', '2025-10-27 01:49:23'),
(185, 'ORD-1761504276720346', 25, 640.00, 'ยกเลิกคำสั่งจากระบบ', '2025-10-27 01:44:36', '2025-10-26 19:49:36', '2025-10-27 01:49:04'),
(186, 'ORD-1761511482981587', 25, 1500.00, 'ยกเลิกคำสั่งจากระบบ', '2025-10-27 03:44:42', '2025-10-26 21:49:42', '2025-10-27 03:50:26'),
(187, 'ORD-1761512851539388', 25, 3272.00, 'ชำระเงินสำเร็จรอการตรวจสอบ', '2025-10-27 04:07:31', '2025-10-26 22:12:31', '2025-10-27 04:07:31'),
(188, 'ORD-1761512957913898', 25, 3272.00, 'ชำระเงินสำเร็จรอการตรวจสอบ', '2025-10-27 04:09:17', '2025-10-26 22:14:17', '2025-10-27 04:09:17'),
(189, 'ORD-1761513008508894', 25, 3272.00, 'ชำระเงินสำเร็จรอการตรวจสอบ', '2025-10-27 04:10:08', '2025-10-26 22:15:08', '2025-10-27 04:10:08'),
(190, 'ORD-1761513049925160', 25, 3272.00, 'เตรียมส่งสินค้าให้คุณแล้ว', '2025-10-27 04:10:49', '2025-10-26 22:15:49', '2025-10-27 23:41:39'),
(191, 'ORD-1761513180354790', 25, 1500.00, 'ชำระเงินสำเร็จรอการตรวจสอบ', '2025-10-27 04:13:00', '2025-10-26 22:18:00', '2025-10-27 04:13:00'),
(192, 'ORD-1761513228819934', 25, 640.00, 'ยกเลิกคำสั่งจากระบบ', '2025-10-27 04:13:48', '2025-10-26 22:18:48', '2025-10-27 23:41:13'),
(193, 'ORD-1761622265662406', 25, 3272.00, 'ชำระเงินสำเร็จรอการตรวจสอบ', '2025-10-28 10:31:05', '2025-10-28 04:36:05', '2025-10-28 10:31:05'),
(194, 'ORD-1761622375041923', 25, 3272.00, 'ชำระเงินสำเร็จรอการตรวจสอบ', '2025-10-28 10:32:55', '2025-10-28 04:37:55', '2025-10-28 10:32:55'),
(195, 'ORD-1761622621174157', 25, 1500.00, 'เตรียมส่งสินค้าให้คุณแล้ว', '2025-10-28 10:37:01', '2025-10-28 04:42:01', '2025-10-28 10:41:55'),
(196, 'ORD-1761622799023846', 15, 1500.00, 'ชำระเงินสำเร็จรอการตรวจสอบ', '2025-10-28 10:39:59', '2025-10-28 04:44:59', '2025-10-28 10:39:59'),
(197, 'ORD-1761626690693239', 25, 3272.00, 'ชำระเงินสำเร็จรอการตรวจสอบ', '2025-10-28 11:44:50', '2025-10-28 05:49:50', '2025-10-28 11:44:50'),
(198, 'ORD-1761659792345528', 15, 1500.00, 'ชำระเงินสำเร็จรอการตรวจสอบ', '2025-10-28 20:56:32', '2025-10-28 15:01:32', '2025-10-28 20:56:32');

-- --------------------------------------------------------

--
-- Table structure for table `payments`
--

CREATE TABLE `payments` (
  `id` int(11) NOT NULL COMMENT 'Primary key',
  `payment_code` varchar(20) NOT NULL COMMENT 'รหัสชำระ เช่น PAY-0001',
  `order_number` varchar(20) DEFAULT NULL COMMENT 'เชื่อมกับคำสั่งซื้อ',
  `email` varchar(100) DEFAULT NULL,
  `firstname` varchar(100) DEFAULT NULL,
  `lastname` varchar(100) DEFAULT NULL,
  `product_name` varchar(255) DEFAULT NULL,
  `amount` decimal(10,2) NOT NULL COMMENT 'จำนวนเงินที่ชำระ',
  `payment_method` varchar(50) DEFAULT NULL COMMENT 'ช่องทางการชำระ เช่น PromptPay QR',
  `bank_account` varchar(100) DEFAULT NULL COMMENT 'บัญชีธนาคารของร้าน',
  `slip_image` varchar(255) DEFAULT NULL COMMENT 'path ของไฟล์สลิป',
  `status` enum('ยืนยันการสั่งซื้อและรอชำระเงิน','ชำระเงินสำเร็จรอการตรวจสอบ','ชำระเงินสมบูรณ์รอจัดส่ง','ยกเลิกคำสั่งซื้อเนื่องจากไม่ชำระเงินตามกำหนด ยกเลิกโดยระบบ','ยกเลิกคำสั่งซื้อเนื่องจากชำระเงินไม่ถูกต้อง ยกเลิกโดยผู้ดูแลระบบ','ยกเลิกคำสั่งซื้อโดยผู้ซื้อ','ยกเลิกโดยผู้ดูแลระบบ') DEFAULT 'ยืนยันการสั่งซื้อและรอชำระเงิน' COMMENT 'สถานะการชำระเงิน',
  `admin_notes` text DEFAULT NULL COMMENT 'หมายเหตุจากผู้ดูแล',
  `created_at` timestamp NOT NULL DEFAULT current_timestamp() COMMENT 'วันที่เพิ่มข้อมูล',
  `updated_at` timestamp NOT NULL DEFAULT current_timestamp() ON UPDATE current_timestamp() COMMENT 'วันที่อัปเดตข้อมูลล่าสุด',
  `stock_out` int(11) NOT NULL
) ENGINE=InnoDB DEFAULT CHARSET=utf8mb4 COLLATE=utf8mb4_general_ci;

--
-- Dumping data for table `payments`
--

INSERT INTO `payments` (`id`, `payment_code`, `order_number`, `email`, `firstname`, `lastname`, `product_name`, `amount`, `payment_method`, `bank_account`, `slip_image`, `status`, `admin_notes`, `created_at`, `updated_at`, `stock_out`) VALUES
(58, 'PAY-25310', 'ORD-1759934511503', 'kkk@gmail.com', 'ไม่แซ่บได้ไง', 'แซ่บหลาย', 'Screensho', 1800.00, 'bank_transfer', '964014011', 'slip_20251008_164151_9988.png', 'ยืนยันการสั่งซื้อและรอชำระเงิน', '', '2025-10-08 14:41:51', '2025-10-23 12:55:04', 1),
(60, 'PAY-78390', 'ORD-1759934583038', 'kkk@gmail.com', 'ไม่แซ่บได้ไง', 'แซ่บหลาย', 'Screensho', 1800.00, 'bank_transfer', '964014011', 'slip_20251008_164303_3099.png', 'ชำระเงินสำเร็จรอการตรวจสอบ', '', '2025-10-08 14:43:03', '2025-10-14 12:05:50', 1),
(61, 'PAY-20924', 'ORD-1759934683641', 'plapla@gmail.com', 'สมชาย', 'สมหญิง', 'Nike Tiempo Legend 10 Elite', 3272.00, 'bank_transfer', '964014011', 'slip_20251008_164443_9640.png', 'ชำระเงินสมบูรณ์รอจัดส่ง', '', '2025-10-08 14:44:43', '2025-10-08 16:24:23', 1),
(63, 'PAY-30609', 'ORD-1759941476211', 'kkk@gmail.com', 'ไม่แซ่บได้ไง', 'แซ่บหลาย', 'Nike Tiempo Legend 10 Elite', 6544.00, 'bank_transfer', '964014011', 'slip_20251008_183756_8026.png', 'ชำระเงินสมบูรณ์รอจัดส่ง', '', '2025-10-08 16:37:56', '2025-10-08 16:38:21', 2),
(64, 'PAY-92247', 'ORD-1759941944214', 'kkk@gmail.com', 'ไม่แซ่บได้ไง', 'แซ่บหลาย', 'Nike Tiempo Legend 10 Elite', 3272.00, 'bank_transfer', '964014011', 'slip_20251008_184544_1890.png', 'ยกเลิกคำสั่งซื้อโดยผู้ซื้อ', '', '2025-10-08 16:45:44', '2025-10-13 18:20:41', 1),
(65, 'PAY-67989', 'ORD-1760024476761', 'kkk@gmail.com', 'ไม่แซ่บได้ไง', 'แซ่บหลาย', 'Barcelona football shirt', 3000.00, 'bank_transfer', '964014011', 'slip_20251009_174116_7926.png', 'ยกเลิกคำสั่งซื้อโดยผู้ซื้อ', '', '2025-10-09 15:41:16', '2025-10-13 18:20:52', 1),
(66, 'PAY-50491', 'ORD-1760361514456', 'kkk@gmail.com', 'นอนหลาย', 'แซ่บหลาย', 'Barcelona football shirt', 3000.00, 'bank_transfer', '964014011', 'slip_20251013_151834_6558.png', 'ชำระเงินสมบูรณ์รอจัดส่ง', 'บันทึกสถานะยกเลิกโดยผู้ดูแลระบบ', '2025-10-13 13:18:34', '2025-10-14 11:41:34', 2),
(67, 'PAY-48320', 'ORD-1760379498385', 'kkk@gmail.com', 'นอนหลาย', 'แซ่บหลาย', 'Real Madrid Home White Jersey 2022-2023', 2500.00, 'bank_transfer', '964014011', 'slip_20251013_201818_2319.png', 'ชำระเงินสำเร็จรอการตรวจสอบ', '', '2025-10-13 18:18:18', '2025-10-14 10:59:29', 1),
(68, 'PAY-79420', 'ORD-1760382649957', 'kkk@gmail.com', 'นอนหลาย', 'แซ่บหลาย', 'Nike Tiempo Legend 10 Elite', 3272.00, 'bank_transfer', '964014011', 'slip_20251013_211050_4201.png', 'ชำระเงินสมบูรณ์รอจัดส่ง', '', '2025-10-13 19:10:50', '2025-10-14 10:59:18', 1),
(69, 'PAY-78991', 'ORD-1760437713921', 'kiatsakul@gmail.com', '455555555555', '56455555555555555', 'Real Madrid Home White Jersey 2022-2023', 7500.00, 'bank_transfer', '964014011', 'slip_20251014_122833_4207.png', 'ชำระเงินสำเร็จรอการตรวจสอบ', '', '2025-10-14 10:28:33', '2025-10-14 12:05:45', 3),
(70, 'PAY-36139', 'ORD-1760437731673', 'kkk@gmail.com', 'นอนหลาย', 'แซ่บหลาย', 'Real Madrid Home White Jersey 2022-2023', 7500.00, 'bank_transfer', '964014011', 'slip_20251014_122851_4404.png', 'ชำระเงินสำเร็จรอการตรวจสอบ', 'บันทึกสถานะยกเลิกโดยผู้ดูแลระบบ', '2025-10-14 10:28:51', '2025-10-14 12:05:40', 3),
(71, 'PAY-34398', 'ORD-1760443233500', 'kkk@gmail.com', 'นอนหลาย', 'แซ่บหลาย', 'Football F5N1510', 640.00, 'bank_transfer', '964014011', 'slip_20251014_140033_2556.png', 'ชำระเงินสำเร็จรอการตรวจสอบ', '', '2025-10-14 12:00:33', '2025-10-14 12:05:35', 1),
(72, 'PAY-68629', 'ORD-1760443581986', 'kkk@gmail.com', 'นอนหลาย', 'แซ่บหลาย', 'Screensho', 1800.00, 'bank_transfer', '964014011', 'slip_20251014_140622_6976.png', 'ชำระเงินสำเร็จรอการตรวจสอบ', '', '2025-10-14 12:06:22', '2025-10-14 12:06:41', 1),
(73, 'PAY-25027', 'ORD-1760443731705', 'kkk@gmail.com', 'นอนหลาย', 'แซ่บหลาย', 'Barcelona football shirt', 1500.00, 'bank_transfer', '964014011', 'slip_20251014_140851_1057.png', 'ชำระเงินสำเร็จรอการตรวจสอบ', '', '2025-10-14 12:08:51', '2025-10-14 12:11:23', 1),
(74, 'PAY-96683', 'ORD-1760443905813', 'kkk@gmail.com', 'นอนหลาย', 'แซ่บหลาย', 'Football F5N1510', 640.00, 'bank_transfer', '964014011', 'slip_20251014_141145_4295.png', 'ชำระเงินสำเร็จรอการตรวจสอบ', '', '2025-10-14 12:11:45', '2025-10-14 12:11:45', 1),
(75, 'PAY-62486', 'ORD-1760444071329', 'kkk@gmail.com', 'นอนหลาย', 'แซ่บหลาย', 'Barcelona football shirt', 1500.00, 'bank_transfer', '964014011', 'slip_20251014_141431_2885.png', 'ชำระเงินสำเร็จรอการตรวจสอบ', '', '2025-10-14 12:14:31', '2025-10-14 12:14:31', 1),
(76, 'PAY-02229', 'ORD-1760444257214', 'kkk@gmail.com', 'นอนหลาย', 'แซ่บหลาย', 'Thai football shirt', 2200.00, 'bank_transfer', '964014011', 'slip_20251014_141737_7846.png', 'ชำระเงินสมบูรณ์รอจัดส่ง', '', '2025-10-14 12:17:37', '2025-10-15 02:55:37', 1),
(77, 'PAY-61946', 'ORD-1760444701331', 'kkk@gmail.com', 'นอนหลาย', 'แซ่บหลาย', 'Barcelona football shirt', 1500.00, 'bank_transfer', '964014011', 'slip_20251014_142501_1332.png', '', '', '2025-10-14 12:25:01', '2025-10-15 02:50:15', 1),
(80, 'PAY-37934', 'ORD-1760495291334', 'Anemonefish@gmail.com', 'ปลาวาฬ', 'บินไม่ได้', 'Football F5N1510', 3200.00, 'bank_transfer', '964014011', 'slip_20251015_042811_5420.png', 'ชำระเงินสมบูรณ์รอจัดส่ง', '', '2025-10-15 02:28:11', '2025-10-15 02:49:26', 5),
(81, 'PAY-59776', NULL, 'kkk@gmail.com', 'นอนหลาย', 'แซ่บหลาย', 'Nike Tiempo Legend 10 Elite', 3272.00, NULL, NULL, NULL, 'ยืนยันการสั่งซื้อและรอชำระเงิน', NULL, '2025-10-22 09:45:57', '2025-10-22 09:45:57', 1),
(82, 'PAY-06871', NULL, 'kkk@gmail.com', 'นอนหลาย', 'แซ่บหลาย', 'Nike Tiempo Legend 10 Elite', 3272.00, NULL, NULL, NULL, 'ยืนยันการสั่งซื้อและรอชำระเงิน', NULL, '2025-10-22 09:46:04', '2025-10-22 09:46:04', 1),
(98, 'PAY-95213', 'ORD-1761129357246', 'kkk@gmail.com', 'นอนหลาย', 'แซ่บหลาย', 'Real Madrid Home White Jersey 2022-2023', 10000.00, 'bank_transfer', '964014011', NULL, '', NULL, '2025-10-22 10:35:57', '2025-10-22 10:35:57', 4),
(99, 'PAY-62577', 'ORD-1761129555437', 'kkk@gmail.com', 'นอนหลาย', 'แซ่บหลาย', 'Real Madrid Home White Jersey 2022-2023', 10000.00, 'bank_transfer', '964014011', NULL, '', NULL, '2025-10-22 10:39:15', '2025-10-22 10:39:15', 4),
(100, 'PAY-00307', 'ORD-1761129709349', 'kkk@gmail.com', 'นอนหลาย', 'แซ่บหลาย', 'Real Madrid Home White Jersey 2022-2023', 2500.00, 'bank_transfer', '964014011', NULL, '', NULL, '2025-10-22 10:41:49', '2025-10-22 10:41:49', 1),
(101, 'PAY-39069', 'ORD-1761129824010', 'kkk@gmail.com', 'นอนหลาย', 'แซ่บหลาย', 'Screensho', 1800.00, 'bank_transfer', '964014011', NULL, '', NULL, '2025-10-22 10:43:44', '2025-10-22 10:43:44', 1),
(102, 'PAY-54488', 'ORD-1761129950571', 'kkk@gmail.com', 'นอนหลาย', 'แซ่บหลาย', 'Screensho', 1800.00, 'bank_transfer', '964014011', NULL, '', NULL, '2025-10-22 10:45:50', '2025-10-22 10:45:50', 1),
(103, 'PAY-22291', 'ORD-1761130130204', 'kkk@gmail.com', 'นอนหลาย', 'แซ่บหลาย', 'Screensho', 1800.00, 'bank_transfer', '964014011', NULL, '', NULL, '2025-10-22 10:48:50', '2025-10-22 10:48:50', 1),
(104, 'PAY-78242', 'ORD-1761130145284', 'kkk@gmail.com', 'นอนหลาย', 'แซ่บหลาย', 'Screensho', 1800.00, 'bank_transfer', '964014011', NULL, '', NULL, '2025-10-22 10:49:05', '2025-10-22 10:49:05', 1),
(105, 'PAY-59781', 'ORD-1761130169324', 'kkk@gmail.com', 'นอนหลาย', 'แซ่บหลาย', 'Screensho', 1800.00, 'bank_transfer', '964014011', NULL, '', NULL, '2025-10-22 10:49:29', '2025-10-22 10:49:29', 1),
(106, 'PAY-89381', 'ORD-1761130312526', 'kkk@gmail.com', 'นอนหลาย', 'แซ่บหลาย', 'Screensho', 1800.00, 'bank_transfer', '964014011', NULL, '', NULL, '2025-10-22 10:51:52', '2025-10-22 10:51:52', 1),
(107, 'PAY-27107', 'ORD-1761130493702', 'kkk@gmail.com', 'นอนหลาย', 'แซ่บหลาย', 'Screensho', 1800.00, 'bank_transfer', '964014011', NULL, '', NULL, '2025-10-22 10:54:53', '2025-10-22 10:54:53', 1),
(108, 'PAY-05025', 'ORD-1761130581111', 'kkk@gmail.com', 'นอนหลาย', 'แซ่บหลาย', 'Screensho', 1800.00, 'bank_transfer', '964014011', NULL, '', NULL, '2025-10-22 10:56:21', '2025-10-22 10:56:21', 1),
(109, 'PAY-29658', 'ORD-1761130583136', 'kkk@gmail.com', 'นอนหลาย', 'แซ่บหลาย', 'Screensho', 1800.00, 'bank_transfer', '964014011', NULL, '', NULL, '2025-10-22 10:56:23', '2025-10-22 10:56:23', 1),
(110, 'PAY-30629', 'ORD-1761131138408', 'kkk@gmail.com', 'นอนหลาย', 'แซ่บหลาย', 'Screensho', 1800.00, 'bank_transfer', '964014011', NULL, '', NULL, '2025-10-22 11:05:38', '2025-10-22 11:05:38', 1),
(111, 'PAY-29871', 'ORD-1761131150078', 'kkk@gmail.com', 'นอนหลาย', 'แซ่บหลาย', 'Screensho', 1800.00, 'bank_transfer', '964014011', NULL, '', NULL, '2025-10-22 11:05:50', '2025-10-22 11:05:50', 1),
(112, 'PAY-41896', 'ORD-1761131239267', 'kkk@gmail.com', 'นอนหลาย', 'แซ่บหลาย', 'Screensho', 1800.00, 'bank_transfer', '964014011', NULL, '', NULL, '2025-10-22 11:07:19', '2025-10-22 11:07:19', 1),
(125, 'PAY-30604', 'ORD-1761131554841', 'kkk@gmail.com', 'นอนหลาย', 'แซ่บหลาย', 'GRAND SPORT football pants', 150.00, 'bank_transfer', '964014011', NULL, '', NULL, '2025-10-22 11:12:34', '2025-10-22 11:12:34', 1),
(126, 'PAY-09574', 'ORD-1761131613915', 'kkk@gmail.com', 'นอนหลาย', 'แซ่บหลาย', 'GRAND SPORT football pants', 150.00, 'bank_transfer', '964014011', NULL, '', NULL, '2025-10-22 11:13:33', '2025-10-22 11:13:33', 1),
(127, 'PAY-05392', 'ORD-1761131616242', 'kkk@gmail.com', 'นอนหลาย', 'แซ่บหลาย', 'GRAND SPORT football pants', 150.00, 'bank_transfer', '964014011', NULL, '', NULL, '2025-10-22 11:13:36', '2025-10-22 11:13:36', 1),
(128, 'PAY-00976', 'ORD-1761131729592', 'kkk@gmail.com', 'นอนหลาย', 'แซ่บหลาย', 'GRAND SPORT football pants', 150.00, 'bank_transfer', '964014011', NULL, '', NULL, '2025-10-22 11:15:29', '2025-10-22 11:15:29', 1),
(129, 'PAY-69948', 'ORD-1761131851236', 'kkk@gmail.com', 'นอนหลาย', 'แซ่บหลาย', 'GRAND SPORT football pants', 150.00, 'bank_transfer', '964014011', NULL, '', NULL, '2025-10-22 11:17:31', '2025-10-22 11:17:31', 1),
(130, 'PAY-35061', 'ORD-1761131870218', 'kkk@gmail.com', 'นอนหลาย', 'แซ่บหลาย', 'GRAND SPORT football pants', 150.00, 'bank_transfer', '964014011', NULL, '', NULL, '2025-10-22 11:17:50', '2025-10-22 11:17:50', 1),
(131, 'PAY-02010', 'ORD-1761131875845', 'kkk@gmail.com', 'นอนหลาย', 'แซ่บหลาย', 'GRAND SPORT football pants', 150.00, 'bank_transfer', '964014011', NULL, '', NULL, '2025-10-22 11:17:55', '2025-10-22 11:17:55', 1),
(132, 'PAY-15597', 'ORD-1761131898001', 'kkk@gmail.com', 'นอนหลาย', 'แซ่บหลาย', 'GRAND SPORT football pants', 150.00, 'bank_transfer', '964014011', NULL, '', NULL, '2025-10-22 11:18:18', '2025-10-22 11:18:18', 1),
(133, 'PAY-57699', 'ORD-1761131980738', 'kkk@gmail.com', 'นอนหลาย', 'แซ่บหลาย', 'GRAND SPORT football pants', 150.00, 'bank_transfer', '964014011', NULL, '', NULL, '2025-10-22 11:19:40', '2025-10-22 11:19:40', 1),
(134, 'PAY-70654', 'ORD-1761132017017', 'kkk@gmail.com', 'นอนหลาย', 'แซ่บหลาย', 'Screensho', 1800.00, 'bank_transfer', '964014011', NULL, '', NULL, '2025-10-22 11:20:17', '2025-10-22 11:20:17', 1),
(135, 'PAY-14824', 'ORD-1761215746317', 'kkk@gmail.com', 'นอนหลาย', 'แซ่บหลาย', 'GRAND SPORT football pants', 150.00, 'bank_transfer', '964014011', NULL, '', NULL, '2025-10-23 10:35:46', '2025-10-23 10:35:46', 1),
(136, 'PAY-43076', 'ORD-1761215749631', 'kkk@gmail.com', 'นอนหลาย', 'แซ่บหลาย', 'GRAND SPORT football pants', 150.00, 'bank_transfer', '964014011', NULL, '', NULL, '2025-10-23 10:35:49', '2025-10-23 10:35:49', 1),
(137, 'PAY-40719', 'ORD-1761215806429', 'kkk@gmail.com', 'นอนหลาย', 'แซ่บหลาย', 'Screensho', 1800.00, 'bank_transfer', '964014011', NULL, '', NULL, '2025-10-23 10:36:46', '2025-10-23 10:36:46', 1),
(138, 'PAY-00772', 'ORD-1761216127195', 'kkk@gmail.com', 'นอนหลาย', 'แซ่บหลาย', 'Screensho', 1800.00, 'bank_transfer', '964014011', NULL, '', NULL, '2025-10-23 10:42:07', '2025-10-23 10:42:07', 1),
(139, 'PAY-53750', 'ORD-1761216295984', 'kkk@gmail.com', 'นอนหลาย', 'แซ่บหลาย', 'Screensho', 3600.00, 'bank_transfer', '964014011', NULL, '', NULL, '2025-10-23 10:44:56', '2025-10-23 10:44:56', 2),
(140, 'PAY-23129', 'ORD-1761216327228', 'kkk@gmail.com', 'นอนหลาย', 'แซ่บหลาย', 'GRAND SPORT football pants', 150.00, 'bank_transfer', '964014011', NULL, '', NULL, '2025-10-23 10:45:27', '2025-10-23 10:45:27', 1),
(141, 'PAY-02296', 'ORD-1761216329197', 'kkk@gmail.com', 'นอนหลาย', 'แซ่บหลาย', 'GRAND SPORT football pants', 150.00, 'bank_transfer', '964014011', NULL, '', NULL, '2025-10-23 10:45:29', '2025-10-23 10:45:29', 1),
(142, 'PAY-06800', 'ORD-1761216405471', 'kkk@gmail.com', 'นอนหลาย', 'แซ่บหลาย', 'GRAND SPORT football pants', 150.00, 'bank_transfer', '964014011', NULL, '', NULL, '2025-10-23 10:46:45', '2025-10-23 10:46:45', 1),
(143, 'PAY-05759', 'ORD-1761216411306', 'kkk@gmail.com', 'นอนหลาย', 'แซ่บหลาย', 'GRAND SPORT football pants', 300.00, 'bank_transfer', '964014011', NULL, '', NULL, '2025-10-23 10:46:51', '2025-10-23 10:46:51', 2),
(144, 'PAY-10378', 'ORD-1761216811006', 'kkk@gmail.com', 'นอนหลาย', 'แซ่บหลาย', 'GRAND SPORT football pants', 150.00, 'bank_transfer', '964014011', NULL, '', NULL, '2025-10-23 10:53:31', '2025-10-23 10:53:31', 1),
(145, 'PAY-53973', 'ORD-1761216846340', 'kkk@gmail.com', 'นอนหลาย', 'แซ่บหลาย', 'GRAND SPORT football pants', 300.00, 'bank_transfer', '964014011', NULL, '', NULL, '2025-10-23 10:54:06', '2025-10-23 10:54:06', 2),
(146, 'PAY-95696', 'ORD-1761216852666', 'kkk@gmail.com', 'นอนหลาย', 'แซ่บหลาย', 'GRAND SPORT football pants', 150.00, 'bank_transfer', '964014011', NULL, '', NULL, '2025-10-23 10:54:12', '2025-10-23 10:54:12', 1),
(147, 'PAY-84749', 'ORD-1761216854364', 'kkk@gmail.com', 'นอนหลาย', 'แซ่บหลาย', 'GRAND SPORT football pants', 150.00, 'bank_transfer', '964014011', NULL, '', NULL, '2025-10-23 10:54:14', '2025-10-23 10:54:14', 1),
(148, 'PAY-78719', 'ORD-1761217555063', 'kkk@gmail.com', 'นอนหลาย', 'แซ่บหลาย', 'Screensho', 1800.00, 'bank_transfer', '964014011', NULL, 'ยืนยันการสั่งซื้อและรอชำระเงิน', NULL, '2025-10-23 11:05:55', '2025-10-23 11:05:55', 1),
(149, 'PAY-25029', 'ORD-1761217556958', 'kkk@gmail.com', 'นอนหลาย', 'แซ่บหลาย', 'Screensho', 1800.00, 'bank_transfer', '964014011', NULL, 'ยืนยันการสั่งซื้อและรอชำระเงิน', NULL, '2025-10-23 11:05:56', '2025-10-23 11:05:56', 1),
(150, 'PAY-23464', 'ORD-1761217559488', 'kkk@gmail.com', 'นอนหลาย', 'แซ่บหลาย', 'Screensho', 1800.00, 'bank_transfer', '964014011', NULL, 'ยืนยันการสั่งซื้อและรอชำระเงิน', NULL, '2025-10-23 11:05:59', '2025-10-23 11:05:59', 1),
(151, 'PAY-48936', 'ORD-1761218508071', 'kkk@gmail.com', 'นอนหลาย', 'แซ่บหลาย', 'GRAND SPORT football pants', 150.00, 'bank_transfer', '964014011', NULL, 'ยืนยันการสั่งซื้อและรอชำระเงิน', NULL, '2025-10-23 11:21:48', '2025-10-23 11:21:48', 1),
(152, 'PAY-07815', 'ORD-1761218545559', 'kkk@gmail.com', 'นอนหลาย', 'แซ่บหลาย', 'GRAND SPORT football pants', 750.00, 'bank_transfer', '964014011', NULL, 'ยืนยันการสั่งซื้อและรอชำระเงิน', NULL, '2025-10-23 11:22:25', '2025-10-23 11:22:25', 1),
(153, 'PAY-01316', 'ORD-1761218756456', 'kkk@gmail.com', 'นอนหลาย', 'แซ่บหลาย', 'GRAND SPORT football pants', 150.00, 'bank_transfer', '964014011', NULL, 'ยืนยันการสั่งซื้อและรอชำระเงิน', NULL, '2025-10-23 11:25:56', '2025-10-23 11:25:56', 1),
(154, 'PAY-98839', 'ORD-1761218996773', 'kkk@gmail.com', 'นอนหลาย', 'แซ่บหลาย', 'Screensho', 1800.00, 'bank_transfer', '964014011', NULL, 'ยืนยันการสั่งซื้อและรอชำระเงิน', NULL, '2025-10-23 11:29:56', '2025-10-23 11:29:56', 1),
(155, 'PAY-82098', 'ORD-1761219070943', 'kkk@gmail.com', 'นอนหลาย', 'แซ่บหลาย', 'Screensho', 1800.00, 'bank_transfer', '964014011', NULL, 'ยืนยันการสั่งซื้อและรอชำระเงิน', NULL, '2025-10-23 11:31:10', '2025-10-23 11:31:10', 1),
(156, 'PAY-92604', 'ORD-1761221015113950', 'kkk@gmail.com', 'นอนหลาย', 'แซ่บหลาย', 'GRAND SPORT football pants', 150.00, 'bank_transfer', '964014011', 'slip_20251023_140407_2844.png', 'ชำระเงินสำเร็จรอการตรวจสอบ', '', '2025-10-23 12:04:07', '2025-10-23 12:04:07', 1),
(157, 'PAY-48853', 'ORD-1761223509196279', 'kkk@gmail.com', 'นอนหลาย', 'แซ่บหลาย', 'Thai football shirt', 2200.00, 'bank_transfer', '964014011', 'slip_20251023_144552_6676.png', '', '', '2025-10-23 12:45:52', '2025-10-23 12:47:43', 1),
(158, 'PAY-70102', 'ORD-1761223761006459', 'kkk@gmail.com', 'นอนหลาย', 'แซ่บหลาย', 'ADIDAS Copa Pure 3 Pro FG', 2450.00, 'bank_transfer', '964014011', 'slip_20251023_144925_5863.png', 'ชำระเงินสำเร็จรอการตรวจสอบ', '', '2025-10-23 12:49:25', '2025-10-23 12:49:25', 1),
(159, 'PAY-45970', 'ORD-1761224610278662', 'kkk@gmail.com', 'นอนหลาย', 'แซ่บหลาย', NULL, 1000.00, 'bank_transfer', '964014011', 'slip_20251023_150351_5665.png', 'ชำระเงินสำเร็จรอการตรวจสอบ', '', '2025-10-23 13:03:51', '2025-10-26 18:30:51', 1),
(160, 'PAY-25254', 'ORD-1761225463928583', 'kkk@gmail.com', 'นอนหลาย', 'แซ่บหลาย', NULL, 1000.00, 'bank_transfer', '964014011', 'slip_20251023_151806_3062.png', 'ชำระเงินสำเร็จรอการตรวจสอบ', '', '2025-10-23 13:18:06', '2025-10-26 18:30:51', 1),
(161, 'PAY-97472', 'ORD-1761225617488224', 'kkk@gmail.com', 'นอนหลาย', 'แซ่บหลาย', NULL, 1000.00, 'bank_transfer', '964014011', 'slip_20251023_152021_4874.png', 'ชำระเงินสำเร็จรอการตรวจสอบ', '', '2025-10-23 13:20:21', '2025-10-26 18:30:51', 1),
(162, 'PAY-79989', 'ORD-1761502764174198', 'PLAPLAPLA@gmail.com', 'ปลาปลา', 'บินไม่ได้', 'ADIDAS Copa Pure 3 Pro FG', 2450.00, 'bank_transfer', '964014011', 'slip_20251026_191930_6345.png', 'ชำระเงินสำเร็จรอการตรวจสอบ', '', '2025-10-26 18:19:30', '2025-10-26 18:19:30', 1),
(163, 'PAY-48071', 'ORD-1761503678958601', 'PLAPLAPLA@gmail.com', 'ปลาปลา', 'บินไม่ได้', 'Nike Tiempo Legend 10 Elite', 3272.00, 'bank_transfer', '964014011', 'slip_20251026_193444_6002.png', 'ชำระเงินสำเร็จรอการตรวจสอบ', '', '2025-10-26 18:34:44', '2025-10-26 18:34:44', 1),
(164, 'PAY-54012', 'ORD-1761504233021715', 'PLAPLAPLA@gmail.com', 'ปลาปลา', 'บินไม่ได้', 'Screensho', 1800.00, 'bank_transfer', '964014011', 'slip_20251026_194358_8046.png', 'ชำระเงินสำเร็จรอการตรวจสอบ', '', '2025-10-26 18:43:58', '2025-10-26 18:43:58', 1),
(165, 'PAY-73307', 'ORD-1761504245165301', 'PLAPLAPLA@gmail.com', 'ปลาปลา', 'บินไม่ได้', 'shinguard', 450.00, 'bank_transfer', '964014011', 'slip_20251026_194409_6726.png', 'ชำระเงินสำเร็จรอการตรวจสอบ', '', '2025-10-26 18:44:09', '2025-10-26 18:44:09', 1),
(166, 'PAY-94604', 'ORD-1761504267862727', 'PLAPLAPLA@gmail.com', 'ปลาปลา', 'บินไม่ได้', 'Adidas shin guards', 300.00, 'bank_transfer', '964014011', 'slip_20251026_194431_3135.png', '', '', '2025-10-26 18:44:31', '2025-10-26 18:49:23', 1),
(167, 'PAY-23156', 'ORD-1761504276720346', 'PLAPLAPLA@gmail.com', 'ปลาปลา', 'บินไม่ได้', 'Football F5N1510', 640.00, 'bank_transfer', '964014011', 'slip_20251026_194440_4700.png', '', '', '2025-10-26 18:44:40', '2025-10-26 18:49:04', 1),
(168, 'PAY-07352', 'ORD-1761512851539388', 'PLAPLAPLA@gmail.com', 'ปลาปลา', 'บินไม่ได้', 'Nike Tiempo Legend 10 Elite', 3272.00, 'bank_transfer', '964014011', 'slip_20251026_220746_7204.png', 'ชำระเงินสำเร็จรอการตรวจสอบ', '', '2025-10-26 21:07:46', '2025-10-26 21:07:46', 1),
(169, 'PAY-99219', 'ORD-1761513049925160', 'PLAPLAPLA@gmail.com', 'ปลาปลา', 'บินไม่ได้', 'Nike Tiempo Legend 10 Elite', 3272.00, 'bank_transfer', '964014011', 'slip_20251026_221102_4995.png', '', '', '2025-10-26 21:11:02', '2025-10-27 16:41:39', 1),
(170, 'PAY-84846', 'ORD-1761513228819934', 'PLAPLAPLA@gmail.com', 'ปลาปลา', 'บินไม่ได้', 'Football F5N1510', 640.00, 'bank_transfer', '964014011', 'slip_20251026_221408_3331.png', '', '', '2025-10-26 21:14:08', '2025-10-27 16:41:13', 1),
(171, 'PAY-00267', 'ORD-1761622621174157', 'PLAPLAPLA@gmail.com', 'ปลาปลา', 'บินไม่ได้', 'sos', 1500.00, 'bank_transfer', '964014011', 'slip_20251028_043708_1441.png', '', '', '2025-10-28 03:37:08', '2025-10-28 03:41:55', 1);

-- --------------------------------------------------------

--
-- Table structure for table `products`
--

CREATE TABLE `products` (
  `product_id` int(11) NOT NULL,
  `product_name` varchar(255) NOT NULL,
  `brand` varchar(100) DEFAULT NULL,
  `price` decimal(10,2) DEFAULT NULL,
  `stock` int(11) DEFAULT NULL,
  `branch` varchar(100) DEFAULT NULL,
  `category_id` int(11) DEFAULT NULL,
  `image` varchar(255) DEFAULT NULL
) ENGINE=InnoDB DEFAULT CHARSET=utf8mb4 COLLATE=utf8mb4_general_ci;

--
-- Dumping data for table `products`
--

INSERT INTO `products` (`product_id`, `product_name`, `brand`, `price`, `stock`, `branch`, `category_id`, `image`) VALUES
(1, 'Nike Tiempo Legend 10 Elite', 'Nike', 3272.00, 7, 'สกลนคร', 2, 'uploads/Nike Tiempo Legend 10 Elite.png'),
(2, 'Barcelona football shirt', 'Nike', 1500.00, 9, 'สกลนคร', 3, 'uploads/Barcelona football shirt.jpg'),
(3, 'shinguard', 'Nike', 450.00, 10, 'สกลนคร', 5, 'uploads/shinguard.png'),
(4, 'Football F5N1510', 'F5N1510 Molten', 640.00, 10, 'สกลนคร', 1, 'uploads/F5N1510.jpg'),
(5, 'GRAND SPORT football pants', 'football pants', 150.00, 10, 'สกลนคร', 4, 'uploads/GRAND SPORT football pants.jpg'),
(6, 'Screensho', 'Nike', 1800.00, 10, 'สกลนคร', 2, 'uploads/Screensho.jpg'),
(7, 'Real Madrid Home White Jersey 2022-2023', 'ADIZERO', 2500.00, 10, 'สกลนคร', 3, 'uploads/Real Madrid Home White Jersey 2022-2023 (ADIZERO).jpg'),
(8, 'Adidas shin guards', 'ADIZERO', 300.00, 10, 'สกลนคร', 5, 'uploads/Adidas shin guards.jpg'),
(9, 'Football F3N1000', 'Molten', 850.00, 9, 'สกลนคร', 1, 'uploads/ball.png'),
(10, 'Thai football shirt', 'WARRIX', 2200.00, 10, 'สกลนคร', 3, 'uploads/h0-Photoroom.jpg'),
(11, 'PANtTS GRAND SPORT', 'GRAND SPORT', 100.00, 10, 'สกลนคร', 4, 'uploads/pants.png'),
(12, 'socks', 'Nike', 95.00, 10, 'สกลนคร', 6, 'uploads/socks.png'),
(13, 'ADIDAS Copa Pure 3 Pro FG', 'ADIDAS', 2450.00, 1, 'สกลนคร', 2, 'uploads/shoes.png'),
(14, 'soccer ball STRIKER', 'STRIKER', 1250.00, 10, 'สกลนคร', 1, 'uploads/STRIKER.jpg'),
(15, 'soccer ball NIKE', 'NIKE', 1500.00, 10, 'สกลนคร', 1, 'uploads/soccer ball NIKE.png'),
(16, 'Nike football pants', 'Nike', 1200.00, 4, 'สกลนคร', 4, 'uploads/Nike football pants.png'),
(17, 'Adidas socks', 'Adidas', 250.00, 5, 'สกลนคร', 6, 'uploads/Adidas socks.png'),
(18, 'gaiter adidas', 'ADIDAS', 240.00, 5, 'สกลนคร', 5, 'uploads/gaiter adidas.png'),
(19, 'black football socks', 'GRAND SPORT', 150.00, 5, 'สกลนคร', 6, 'uploads/black football socks.png'),
(20, 'Football GK3499', 'ADIDAS', 2200.00, 10, 'สกลนคร', 1, 'uploads/Football GK3499.png'),
(21, 'Copa Pure 2 Club FxG studs', 'Adidas', 1800.00, 5, 'สกลนคร', 2, 'uploads/Copa Pure 2 Club FxG studs.png'),
(22, 'Germany shirt 2024 2025', 'Adidas', 1750.00, 10, 'สกลนคร', 3, 'uploads/Germany shirt 2024 2025.png'),
(23, 'Plain football pants', 'GRAND SPORT', 180.00, 5, 'สกลนคร', 4, 'uploads/Plain football pants.png'),
(24, 'red shin guards', 'NIKE', 250.00, 5, 'สกลนคร', 5, 'uploads/red shin guards.png'),
(25, 'Nike red football socks', 'Nike', 145.00, 5, 'สกลนคร', 6, 'uploads/Nike red football socks.png'),
(26, 'adidas blue football socks', 'Adidas', 240.00, 5, 'สกลนคร', 6, 'uploads/adidas blue football socks.png'),
(27, 'Grand Sport shin guards', 'Grand Spor', 180.00, 5, 'สกลนคร', 5, 'uploads/Grand Sport shin guards.png'),
(28, 'GRAND SPORT blue football pants', 'GRAND SPORT', 220.00, 5, 'สกลนคร', 4, 'uploads/GRAND SPORT blue football pants.png'),
(29, 'Grand Sport Thailand national football team shirt', 'Grand Sport', 500.00, 5, 'สกลนคร', 3, 'uploads/Grand Sport Thailand national football team shirt.png'),
(30, 'Grand Sport pink football boots', 'Grand Sport', 1100.00, 5, 'สกลนคร', 2, 'uploads/Grand Sport pink football boots.png'),
(1091, 'sos', 'Nike', 1500.00, 8, 'สกลนคร', 1, 'admin_products/uploads/products/prod_69003a3b39ace7.13034474.webp');

-- --------------------------------------------------------

--
-- Table structure for table `product_categories`
--

CREATE TABLE `product_categories` (
  `category_id` int(11) NOT NULL,
  `category_name` varchar(100) DEFAULT NULL,
  `image` varchar(255) DEFAULT NULL
) ENGINE=InnoDB DEFAULT CHARSET=utf8mb4 COLLATE=utf8mb4_general_ci;

--
-- Dumping data for table `product_categories`
--

INSERT INTO `product_categories` (`category_id`, `category_name`, `image`) VALUES
(1, 'ลูกบอล', 'uploads/ball.png'),
(2, 'รองเท้าสตั๊ด', 'uploads/shoes.png'),
(3, 'เสื้อฟุตบอล', 'uploads/shirt.png'),
(4, 'กางเกงบอล', 'uploads/pants.png'),
(5, 'สนับแข้ง', 'uploads/shinguard.png'),
(6, 'ถุงเท้า', 'uploads/socks.png');

-- --------------------------------------------------------

--
-- Table structure for table `product_sizes`
--

CREATE TABLE `product_sizes` (
  `size_id` int(11) NOT NULL COMMENT 'รหัส Size',
  `product_id` int(11) NOT NULL COMMENT 'รหัสสินค้าที่เชื่อมกับ products',
  `category` enum('รองเท้าสตั๊ด','เสื้อ','กางเกงบอล','สนับแข้ง','ถุงเท้า') NOT NULL COMMENT 'หมวดหมู่สินค้า',
  `size_label` varchar(50) NOT NULL COMMENT 'เช่น UK 7.5, M (UK SIZE), ONE SIZE'
) ENGINE=InnoDB DEFAULT CHARSET=utf8mb4 COLLATE=utf8mb4_general_ci;

--
-- Dumping data for table `product_sizes`
--

INSERT INTO `product_sizes` (`size_id`, `product_id`, `category`, `size_label`) VALUES
(1, 1, 'รองเท้าสตั๊ด', 'UK 7.5'),
(2, 1, 'รองเท้าสตั๊ด', 'UK 8'),
(3, 1, 'รองเท้าสตั๊ด', 'UK 8.5'),
(4, 1, 'รองเท้าสตั๊ด', 'UK 9'),
(5, 2, 'เสื้อ', 'S (UK SIZE)'),
(6, 2, 'เสื้อ', 'M (UK SIZE)'),
(7, 2, 'เสื้อ', 'L (UK SIZE)'),
(8, 2, 'เสื้อ', 'XL (UK SIZE)'),
(9, 5, 'กางเกงบอล', 'S'),
(10, 5, 'กางเกงบอล', 'M'),
(11, 5, 'กางเกงบอล', 'L'),
(12, 5, 'กางเกงบอล', 'XL'),
(13, 3, 'สนับแข้ง', 'S (US SIZE)'),
(14, 3, 'สนับแข้ง', 'M (US SIZE)'),
(15, 3, 'สนับแข้ง', 'L (US SIZE)'),
(16, 12, 'ถุงเท้า', 'ONE SIZE');

-- --------------------------------------------------------

--
-- Table structure for table `users`
--

CREATE TABLE `users` (
  `id` int(11) NOT NULL,
  `email` varchar(100) NOT NULL,
  `password` varchar(255) NOT NULL,
  `firstname` varchar(50) NOT NULL,
  `lastname` varchar(50) NOT NULL,
  `address` varchar(255) NOT NULL,
  `street` varchar(100) DEFAULT NULL,
  `alley` varchar(100) DEFAULT NULL,
  `subdistrict` varchar(100) DEFAULT NULL,
  `province` varchar(100) NOT NULL,
  `district` varchar(100) NOT NULL,
  `phone` varchar(20) NOT NULL,
  `created_at` timestamp NOT NULL DEFAULT current_timestamp(),
  `is_admin` tinyint(1) DEFAULT 0
) ENGINE=InnoDB DEFAULT CHARSET=utf8mb4 COLLATE=utf8mb4_general_ci;

--
-- Dumping data for table `users`
--

INSERT INTO `users` (`id`, `email`, `password`, `firstname`, `lastname`, `address`, `street`, `alley`, `subdistrict`, `province`, `district`, `phone`, `created_at`, `is_admin`) VALUES
(6, 'peeraphong.te@ku.com', '$2y$10$Km1jpj0JE/XkWOp1BLO2Oefbb1ql/qB1wYTcSA9Zkq3g6ArfNBn9u', 'พีระพงษ์', 'เทพประสิทธิ์', '254/7', '-*****', '******', '******', 'พระนครศรีอยุธยา', 'บางปะอิน', '0964014011', '2025-08-26 10:56:03', 1),
(11, 'plapla@gmail.com', '$2y$10$q9UlYzERoKU00Y/PLFilw.m/NGX/tSmZVxLTNyPMghraQaEsMrdMa', 'สมชาย', 'สมหญิง', '2589', 'qweasd', NULL, NULL, 'สระบุรี', 'qwe', '0888888888', '2025-09-15 12:42:20', 0),
(15, 'kkk@gmail.com', '$2y$10$VDqRCKvF4Ga/YXUWuDyB9ufe9IadkuFhKJ/muvSvn0wXjOctNDPY.', 'นอนหลาย', 'แซ่บหลาย', '254', 'เทพ', 'เทพจัดๆ', 'ฮางโฮง', 'สิงห์บุรี', 'บางระจัน', '0964014011', '2025-09-30 10:38:59', 0),
(21, 'kiatsakul@gmail.com', '$2y$10$V4F0YAGqgtAcOkrmOqfxl.zr/qttQpp5.l6.l/sFHbnxZuZjqFpq.', '455555555555', '56455555555555555', 'ghjik5555555555', '45555555555555', '555555555555555', '55555555555555', 'กรุงเทพมหานคร', 'เขตพระนคร', '06987456155555555555', '2025-10-14 10:20:57', 0),
(24, 'Anemonefish@gmail.com', '$2y$10$8XwDJFky1PD3LXIHRyVIbOWa5QmdxVPmZKjxgoB20.isG5G.Gj1qW', 'ปลาวาฬ', 'บินไม่ได้', '259/4', 'เทพ', '', '', 'ศรีสะเกษ', 'เมืองศรีสะเกษ', '0964014044', '2025-10-15 02:18:09', 0),
(25, 'PLAPLAPLA@gmail.com', '$2y$10$/BcKjoFaGTRbBXODFXu9auLF6wcpy/K/2jnMV7TuDn/qp6VO7sWBG', 'ปลาปลา', 'บินไม่ได้', '257/5', '-', '', '', 'กรุงเทพมหานคร', 'เขตดุสิต', '0888884878', '2025-10-26 18:15:58', 0);

--
-- Indexes for dumped tables
--

--
-- Indexes for table `orders`
--
ALTER TABLE `orders`
  ADD PRIMARY KEY (`order_id`),
  ADD UNIQUE KEY `order_number` (`order_number`),
  ADD KEY `idx_user_id` (`user_id`);

--
-- Indexes for table `payments`
--
ALTER TABLE `payments`
  ADD PRIMARY KEY (`id`),
  ADD UNIQUE KEY `payment_code` (`payment_code`),
  ADD KEY `fk_email` (`email`),
  ADD KEY `product_name` (`product_name`),
  ADD KEY `order_number` (`order_number`);

--
-- Indexes for table `products`
--
ALTER TABLE `products`
  ADD PRIMARY KEY (`product_id`),
  ADD UNIQUE KEY `product_name` (`product_name`),
  ADD KEY `category_id` (`category_id`);

--
-- Indexes for table `product_categories`
--
ALTER TABLE `product_categories`
  ADD PRIMARY KEY (`category_id`);

--
-- Indexes for table `product_sizes`
--
ALTER TABLE `product_sizes`
  ADD PRIMARY KEY (`size_id`),
  ADD KEY `product_id` (`product_id`);

--
-- Indexes for table `users`
--
ALTER TABLE `users`
  ADD PRIMARY KEY (`id`),
  ADD UNIQUE KEY `email` (`email`);

--
-- AUTO_INCREMENT for dumped tables
--

--
-- AUTO_INCREMENT for table `orders`
--
ALTER TABLE `orders`
  MODIFY `order_id` int(11) NOT NULL AUTO_INCREMENT COMMENT 'รหัสคำสั่งซื้อ', AUTO_INCREMENT=199;

--
-- AUTO_INCREMENT for table `payments`
--
ALTER TABLE `payments`
  MODIFY `id` int(11) NOT NULL AUTO_INCREMENT COMMENT 'Primary key', AUTO_INCREMENT=172;

--
-- AUTO_INCREMENT for table `products`
--
ALTER TABLE `products`
  MODIFY `product_id` int(11) NOT NULL AUTO_INCREMENT, AUTO_INCREMENT=1092;

--
-- AUTO_INCREMENT for table `product_categories`
--
ALTER TABLE `product_categories`
  MODIFY `category_id` int(11) NOT NULL AUTO_INCREMENT, AUTO_INCREMENT=9;

--
-- AUTO_INCREMENT for table `product_sizes`
--
ALTER TABLE `product_sizes`
  MODIFY `size_id` int(11) NOT NULL AUTO_INCREMENT COMMENT 'รหัส Size', AUTO_INCREMENT=17;

--
-- AUTO_INCREMENT for table `users`
--
ALTER TABLE `users`
  MODIFY `id` int(11) NOT NULL AUTO_INCREMENT, AUTO_INCREMENT=26;

--
-- Constraints for dumped tables
--

--
-- Constraints for table `orders`
--
ALTER TABLE `orders`
  ADD CONSTRAINT `fk_orders_user` FOREIGN KEY (`user_id`) REFERENCES `users` (`id`) ON DELETE CASCADE ON UPDATE CASCADE;

--
-- Constraints for table `payments`
--
ALTER TABLE `payments`
  ADD CONSTRAINT `payments_ibfk_1` FOREIGN KEY (`email`) REFERENCES `users` (`email`),
  ADD CONSTRAINT `payments_ibfk_2` FOREIGN KEY (`product_name`) REFERENCES `products` (`product_name`),
  ADD CONSTRAINT `payments_ibfk_3` FOREIGN KEY (`order_number`) REFERENCES `orders` (`order_number`);

--
-- Constraints for table `products`
--
ALTER TABLE `products`
  ADD CONSTRAINT `fk_products_category` FOREIGN KEY (`category_id`) REFERENCES `product_categories` (`category_id`) ON DELETE SET NULL ON UPDATE CASCADE;

--
-- Constraints for table `product_sizes`
--
ALTER TABLE `product_sizes`
  ADD CONSTRAINT `product_sizes_ibfk_1` FOREIGN KEY (`product_id`) REFERENCES `products` (`product_id`) ON DELETE CASCADE ON UPDATE CASCADE;
COMMIT;

/*!40101 SET CHARACTER_SET_CLIENT=@OLD_CHARACTER_SET_CLIENT */;
/*!40101 SET CHARACTER_SET_RESULTS=@OLD_CHARACTER_SET_RESULTS */;
/*!40101 SET COLLATION_CONNECTION=@OLD_COLLATION_CONNECTION */;
